<?xml version="1.0" encoding="UTF-8"?>
<?xml-stylesheet version="1.0" href="../../stylesheets/contact2html.xsl" type="text/xsl"?>
<contactDataSet xmlns="http://lca.jrc.it/ILCD/Contact" xmlns:common="http://lca.jrc.it/ILCD/Common" xmlns:xsi="http://www.w3.org/2001/XMLSchema-instance" xsi:schemaLocation="http://lca.jrc.it/ILCD/Contact ../../schemas/ILCD_ContactDataSet.xsd" version="1.1">
  <contactInformation>
    <dataSetInformation>
      <common:UUID>24d63751-c765-8394-d4a7-000079b90b1c</common:UUID>
      <common:shortName xml:lang="en">Niels Jungbluth</common:shortName>
      <common:name xml:lang="en">Niels Jungbluth (ESU)</common:name>
      <classificationInformation>
        <common:classification name="ILCD">
          <common:class classId="4" level="0">Persons</common:class>
        </common:classification>
      </classificationInformation>
      <contactAddress xml:lang="en">Kanzleistrasse 4, 8610 Uster, CH</contactAddress>
      <telephone>0041 44 940 61 32</telephone>
      <telefax>0041 44 940 61 94</telefax>
      <email>jungbluth@esu-services.ch</email>
    </dataSetInformation>
  </contactInformation>
  <administrativeInformation>
    <dataEntryBy>
      <common:timeStamp>2011-03-23T09:14:30.505+01:00</common:timeStamp>
      <common:referenceToDataSetFormat refObjectId="a97a0155-0234-4b87-b4ce-a45da52f2a40" type="source data set" uri="../sources/ILCD_Format_a97a0155-0234-4b87-b4ce-a45da52f2a40_01.00.000.xml" version="01.00.000">
        <common:shortDescription xml:lang="en">ILCD Format</common:shortDescription>
      </common:referenceToDataSetFormat>
      <common:referenceToDataSetFormat refObjectId="cada7914-53c3-47ec-ac27-659b21240a99" type="source data set" uri="../sources/EcoSpold_Format_cada7914-53c3-47ec-ac27-659b21240a99_01.00.000.xml" version="01.00.000">
        <common:shortDescription xml:lang="en">EcoSpold Format</common:shortDescription>
      </common:referenceToDataSetFormat>
    </dataEntryBy>
    <publicationAndOwnership>
      <common:dataSetVersion>01.00.000</common:dataSetVersion>
      <common:permanentDataSetURI>../contacts/24d63751-c765-8394-d4a7-000079b90b1c_01.00.000.xml</common:permanentDataSetURI>
    </publicationAndOwnership>
  </administrativeInformation>
</contactDataSet>

