<?xml version="1.0" encoding="utf-8"?><?xml-stylesheet version="1.0" href="../../stylesheets/contact2html.xsl" type="text/xsl"?>
<contactDataSet xmlns="http://lca.jrc.it/ILCD/Contact" xmlns:common="http://lca.jrc.it/ILCD/Common" xmlns:xsi="http://www.w3.org/2001/XMLSchema-instance" xsi:schemaLocation="http://lca.jrc.it/ILCD/Contact ../../schemas/ILCD_ContactDataSet.xsd" version="1.1">
   <contactInformation>
      <dataSetInformation>
         <common:UUID>5bb337b0-9a1a-11da-a72b-0800200c9a62</common:UUID>
         <common:shortName xml:lang="en">EC, DG ENV</common:shortName>
         <common:name xml:lang="en">European Commission, Directorate-General Environment</common:name>
         <classificationInformation>
            <common:classification>
               <common:class level="0">Organisations</common:class>
               <common:class level="1">Governmental organisations</common:class>
            </common:classification>
         </classificationInformation>
         <WWWAddress>http://ec.europa.eu/environment</WWWAddress>
         <centralContactPoint xml:lang="en">EC, DG ENV, Avenue de Beaulieu 5, B-1049 Brussels, Belgium</centralContactPoint>
         <contactDescriptionOrComment xml:lang="en">EC, DG ENV, Avenue de Beaulieu 5, B-1049 Brussels, Belgium</contactDescriptionOrComment>
      </dataSetInformation>
   </contactInformation>
   <administrativeInformation>
      <dataEntryBy>
         <common:timeStamp>2009-02-04T11:36:59+01:00</common:timeStamp>
         <common:referenceToDataSetFormat type="source data set" uri="../sources/ILCD_Format_a97a0155-0234-4b87-b4ce-a45da52f2a40_01.00.000.xml" refObjectId="a97a0155-0234-4b87-b4ce-a45da52f2a40" version="01.00.000">
            <common:shortDescription>ILCD format</common:shortDescription>
         </common:referenceToDataSetFormat>
      </dataEntryBy>
      <publicationAndOwnership>
         <common:dataSetVersion>02.00.000</common:dataSetVersion>
         <common:permanentDataSetURI>http://lca.jrc.ec.europa.eu/lcainfohub/datasets/elcd/contacts/5bb337b0-9a1a-11da-a72b-0800200c9a62_02.00.000.xml</common:permanentDataSetURI>
      </publicationAndOwnership>
   </administrativeInformation>
</contactDataSet>