<?xml version="1.0" encoding="utf-8"?><?xml-stylesheet version="1.0" href="../../stylesheets/contact2html.xsl" type="text/xsl"?>
<contactDataSet xmlns="http://lca.jrc.it/ILCD/Contact" xmlns:common="http://lca.jrc.it/ILCD/Common" xmlns:xsi="http://www.w3.org/2001/XMLSchema-instance" xsi:schemaLocation="http://lca.jrc.it/ILCD/Contact ../../schemas/ILCD_ContactDataSet.xsd" version="1.1">
   <contactInformation>
      <dataSetInformation>
         <common:UUID>631b917e-eb39-4d0f-aae6-98c805513b2f</common:UUID>
         <common:shortName xml:lang="en">Ecoinvent Centre</common:shortName>
         <common:name xml:lang="en">Swiss Centre for Life Cycle Inventories</common:name>
         <classificationInformation>
            <common:classification>
               <common:class level="0">Organisations</common:class>              
            </common:classification>
         </classificationInformation>
         <WWWAddress>http://www.ecoinvent.org</WWWAddress>
         <centralContactPoint xml:lang="en">Ueberlandstrasse 129, 8600 Duebendorf, Switzerland</centralContactPoint>        
      </dataSetInformation>
   </contactInformation>
   <administrativeInformation>
      <dataEntryBy>
         <common:timeStamp>2009-07-22T15:39:10.608+01:00</common:timeStamp>
         <common:referenceToDataSetFormat type="source data set" uri="../sources/ILCD_Format_a97a0155-0234-4b87-b4ce-a45da52f2a40_01.00.000.xml" refObjectId="a97a0155-0234-4b87-b4ce-a45da52f2a40" version="01.00.000">
            <common:shortDescription>ILCD format</common:shortDescription>
         </common:referenceToDataSetFormat>
      </dataEntryBy>
      <publicationAndOwnership>
         <common:dataSetVersion>01.00.000</common:dataSetVersion>
         <common:permanentDataSetURI>http://openlca.org/media/ilcd/data/contacts/631b917e-eb39-4d0f-aae6-98c805513b2f_01.00.000.xml</common:permanentDataSetURI>
      </publicationAndOwnership>
   </administrativeInformation>
</contactDataSet>