<?xml version="1.0" encoding="utf-8"?>
<?xml-stylesheet type='text/xsl' href='../../stylesheets/contact2html.xsl' ?>
<contactDataSet xmlns="http://lca.jrc.it/ILCD/Contact" xmlns:common="http://lca.jrc.it/ILCD/Common" xmlns:xsi="http://www.w3.org/2001/XMLSchema-instance" version="1.1"
  xsi:schemaLocation="http://lca.jrc.it/ILCD/Contact ../../schemas/ILCD_ContactDataSet.xsd">
  <contactInformation>
    <dataSetInformation>
      <common:UUID>d0d5f8bb-9311-49d1-9e30-2f20a6977f4f</common:UUID>
      <common:shortName xml:lang="en">EPLCA project team</common:shortName>
      <common:name xml:lang="en">"European Platform on Life Cycle Assessment" project team at: European Commission, Joint Research Centre (DG JRC), Institute
        for Environment and Sustainability (IES)</common:name>
      <classificationInformation>
        <common:classification>
          <common:class level="0">Working groups</common:class>
        </common:classification>
      </classificationInformation>
      <contactAddress xml:lang="en">TP 460</contactAddress>
      <telefax>+39 0332 78 5601</telefax>
      <email>LCA@jrc.ec.europa.eu</email>
      <WWWAddress>http://lca.jrc.ec.europa.eu</WWWAddress>
      <centralContactPoint xml:lang="en">European Commission, JRC, IES; European Platform on LCA; TP 460; Via E. Fermi 2749; 21027 Ispra (VA); Italy</centralContactPoint>
      <contactDescriptionOrComment xml:lang="en">Team of the European Commission project 'European Platform on Life Cycle Assessment', coordinated at JRC-IES.</contactDescriptionOrComment>
  </dataSetInformation>
  </contactInformation>
  <administrativeInformation>
    <dataEntryBy>
      <common:timeStamp>2008-08-11T16:12:38.396+07:00</common:timeStamp>
      <common:referenceToDataSetFormat type="source data set" uri="../sources/ILCD_Format_a97a0155-0234-4b87-b4ce-a45da52f2a40_01.00.000.xml"
        refObjectId="a97a0155-0234-4b87-b4ce-a45da52f2a40" version="01.00.000">
        <common:shortDescription>ILCD format</common:shortDescription>
      </common:referenceToDataSetFormat>
    </dataEntryBy>
    <publicationAndOwnership>
      <common:dataSetVersion>01.00.001</common:dataSetVersion>
      <common:permanentDataSetURI>http://lca.jrc.ec.europa.eu/lcainfohub/datasets/elcd/contacts/d0d5f8bb-9311-49d1-9e30-2f20a6977f4f_01.00.001</common:permanentDataSetURI>
    </publicationAndOwnership>
  </administrativeInformation>
</contactDataSet>
