<?xml version="1.0" encoding="utf-8"?><?xml-stylesheet version="1.0" href="../../stylesheets/unitgroup2html.xsl" type="text/xsl"?>
<unitGroupDataSet xmlns="http://lca.jrc.it/ILCD/UnitGroup" xmlns:common="http://lca.jrc.it/ILCD/Common" xmlns:xsi="http://www.w3.org/2001/XMLSchema-instance" xsi:schemaLocation="http://lca.jrc.it/ILCD/UnitGroup ../../schemas/ILCD_UnitGroupDataSet.xsd" version="1.1">
   <unitGroupInformation>
      <dataSetInformation>
         <common:UUID>5beb6eed-33a9-47b8-9ede-1dfe8f679159</common:UUID>
         <common:name xml:lang="en">Units of items</common:name>
         <classificationInformation>
            <common:classification>
               <common:class level="0">Technical unit groups</common:class>
            </common:classification>
         </classificationInformation>
         <common:generalComment xml:lang="en">Reference Unit Group Data Set of the International Reference Life Cycle Data System (ILCD).</common:generalComment>
      </dataSetInformation>
      <quantitativeReference>
         <referenceToReferenceUnit>0</referenceToReferenceUnit>
      </quantitativeReference>
   </unitGroupInformation>
   <modellingAndValidation>
      <complianceDeclarations>
         <compliance>
            <common:referenceToComplianceSystem type="source data set" uri="../sources/ILCD_Compliance_88d4f8d9-60f9-43d1-9ea3-329c10d7d727_01.00.000.xml" refObjectId="88d4f8d9-60f9-43d1-9ea3-329c10d7d727" version="01.00.000">
               <common:shortDescription>ILCD Data Network compliance</common:shortDescription>
            </common:referenceToComplianceSystem>
            <common:approvalOfOverallCompliance>Fully compliant</common:approvalOfOverallCompliance>
         </compliance>
      </complianceDeclarations>
   </modellingAndValidation>
   <administrativeInformation>
      <dataEntryBy>
         <common:timeStamp>2008-02-15T09:59:53.601+01:00</common:timeStamp>
         <common:referenceToDataSetFormat type="source data set" uri="../sources/ILCD_Format_a97a0155-0234-4b87-b4ce-a45da52f2a40_01.00.000.xml" refObjectId="a97a0155-0234-4b87-b4ce-a45da52f2a40" version="01.00.000">
            <common:shortDescription>ILCD format</common:shortDescription>
         </common:referenceToDataSetFormat>
      </dataEntryBy>
      <publicationAndOwnership>
         <common:dataSetVersion>02.00.000</common:dataSetVersion>
         <common:permanentDataSetURI>http://lca.jrc.ec.europa.eu/lcainfohub/datasets/ilcd/unitgroups/Units_of_items_5beb6eed-33a9-47b8-9ede-1dfe8f679159_02.00.000.xml</common:permanentDataSetURI>
      </publicationAndOwnership>
   </administrativeInformation>
   <units>
      <unit dataSetInternalID="0">
         <name>Item(s)</name>
         <meanValue>1.0</meanValue>
         <generalComment xml:lang="en">Number of items</generalComment>
      </unit>
      <unit dataSetInternalID="1">
         <name>Dozen(s)</name>
         <meanValue>12.0</meanValue>
         <generalComment xml:lang="en">Dozen(s) of items</generalComment>
      </unit>
   </units>
</unitGroupDataSet>