<?xml version="1.0" encoding="utf-8"?>
<?xml-stylesheet version="1.0" href="../../stylesheets/source2html.xsl" type="text/xsl"?>
<sourceDataSet xmlns="http://lca.jrc.it/ILCD/Source" xmlns:common="http://lca.jrc.it/ILCD/Common" xmlns:xsi="http://www.w3.org/2001/XMLSchema-instance"
  xsi:schemaLocation="http://lca.jrc.it/ILCD/Source ../../schemas/ILCD_SourceDataSet.xsd" version="1.1">
  <sourceInformation>
    <dataSetInformation>
      <common:UUID>a97a0155-0234-4b87-b4ce-a45da52f2a40</common:UUID>
      <common:shortName xml:lang="en">ILCD format</common:shortName>
      <classificationInformation>
        <common:classification>
          <common:class level="0">Data set formats</common:class>
        </common:classification>
      </classificationInformation>
      <sourceCitation>European Commission, Joint Research Centre, Institute for Environment and Sustainability (JRC-IES); Forschungszentrum Karlsruhe, Institute for Applied Computer Science (FZK-IAI);  
        Brasilian Ministry of Science and Technology, Brazilian Institute of Information in Science and Technology (IBICT) (2009): International Reference Life Cycle Data System (ILCD) data set format.</sourceCitation>
      <publicationType>Other unpublished and grey literature</publicationType>
      <sourceDescriptionOrComment xml:lang="en">The format schema files, stylesheets, further documentation and supporting files as well as license conditions are available in the
        developer support package, accessible currently at http://lca.jrc.ec.europa.eu</sourceDescriptionOrComment>
      <referenceToDigitalFile uri="http://lca.jrc.ec.europa.eu"/>
      <referenceToContact type="contact data set" refObjectId="d0d5f8bb-9311-49d1-9e30-2f20a6977f4f" uri="../contacts/d0d5f8bb-9311-49d1-9e30-2f20a6977f4f_01.00.001.xml"
        version="02.00.000">
        <common:shortDescription xml:lang="en">EPLCA project team at JRC-IES</common:shortDescription>
      </referenceToContact>
    </dataSetInformation>
  </sourceInformation>
  <administrativeInformation>
    <dataEntryBy>
      <common:timeStamp>2009-01-20T15:41:19+01:00</common:timeStamp>
      <common:referenceToDataSetFormat type="source data set" refObjectId="a97a0155-0234-4b87-b4ce-a45da52f2a40"
        uri="../sources/ILCD_Format_a97a0155-0234-4b87-b4ce-a45da52f2a40_01.00.000.xml" version="01.00.000">
        <common:shortDescription xml:lang="en">ILCD format</common:shortDescription>
      </common:referenceToDataSetFormat>
    </dataEntryBy>
    <publicationAndOwnership>
      <common:dataSetVersion>01.00.000</common:dataSetVersion>
      <common:permanentDataSetURI>http://lca.jrc.ec.europa.eu/lcainfohub/datasets/ilcd/sources/ILCD_Format_a97a0155-0234-4b87-b4ce-a45da52f2a40_01.00.000.xml</common:permanentDataSetURI>
    </publicationAndOwnership>
  </administrativeInformation>
</sourceDataSet>
