<?xml version="1.0" encoding="utf-8"?>
<?xml-stylesheet version="1.0" href="../../stylesheets/source2html.xsl" type="text/xsl"?>
<sourceDataSet xmlns="http://lca.jrc.it/ILCD/Source" xmlns:common="http://lca.jrc.it/ILCD/Common" xmlns:xsi="http://www.w3.org/2001/XMLSchema-instance"
  xsi:schemaLocation="http://lca.jrc.it/ILCD/Source ../../schemas/ILCD_SourceDataSet.xsd" version="1.1">
  <sourceInformation>
    <dataSetInformation>
      <common:UUID>88d4f8d9-60f9-43d1-9ea3-329c10d7d727</common:UUID>
      <common:shortName xml:lang="en">ILCD Data Network compliance (draft)</common:shortName>
      <classificationInformation>
        <common:classification>
          <common:class level="0">Compliance systems</common:class>
        </common:classification>
      </classificationInformation>
      <sourceCitation>European Commission, Joint Research Centre, Institute for Environment and Sustainability (2009): International
        Reference Life Cycle Data System (ILCD) Data Network compliance system, draft.</sourceCitation>
      <publicationType>Other unpublished and grey literature</publicationType>
      <sourceDescriptionOrComment xml:lang="en">The referenced files comprise the draft of the compliance rules of the International Reference Life Cycle Data System (ILCD) Data Network. 
        The ILCD Data Network compliance document provides the overview and refers to specific documents that define specific requirements in the five areas quality, method, nomenclature, review, 
        and documentation of LCA data sets and provide additional explanations for users. Note that different data quality levels are differentiated in the document that are to be referenced explicitly in the data set, 
        e.g. "ILCD Data Network compliance - High quality data", or "ILCD Data Network compliance - Entry level phase I", etc.</sourceDescriptionOrComment>
      <referenceToDigitalFile uri="../external_docs/ILCD_Compliance_Rules_Draft_88d4f8d9-60f9-43d1-9ea3-329c10d7d727_01.00.000.pdf"/>
      <referenceToContact type="contact data set" refObjectId="d0d5f8bb-9311-49d1-9e30-2f20a6977f4f" uri="../contacts/d0d5f8bb-9311-49d1-9e30-2f20a6977f4f_01.00.001.xml"
        version="01.00.001">
        <common:shortDescription xml:lang="en">EPLCA project team at JRC-IES</common:shortDescription>
      </referenceToContact>
    </dataSetInformation>
  </sourceInformation>
  <administrativeInformation>
    <dataEntryBy>
      <common:timeStamp>2009-01-20T15:41:19+01:00</common:timeStamp>
      <common:referenceToDataSetFormat type="source data set" refObjectId="a97a0155-0234-4b87-b4ce-a45da52f2a40"
        uri="../sources/ILCD_Format_a97a0155-0234-4b87-b4ce-a45da52f2a40_01.00.000.xml" version="01.00.000">
        <common:shortDescription xml:lang="en">ILCD format</common:shortDescription>
      </common:referenceToDataSetFormat>
    </dataEntryBy>
    <publicationAndOwnership>
      <common:dataSetVersion>01.00.000</common:dataSetVersion>
      <common:permanentDataSetURI>http://lca.jrc.ec.europa.eu/lcainfohub/datasets/ilcd/sources/ILCD_Compliance_88d4f8d9-60f9-43d1-9ea3-329c10d7d727_01.00.000.xml</common:permanentDataSetURI>
    </publicationAndOwnership>
  </administrativeInformation>
</sourceDataSet>
